tag,associated_topics
Buddhism,Sacred Space in Bali
community,Sacred Space in Bali;Ritual Experience and Ecology
dance,Sacred Space in Bali
ecology,Ritual Experience and Ecology;Green Infrastructure
greenness,Green Infrastructure
Hinduism,Sacred Space in Bali
Islam,Sacred Space in Bali
rejuvination,Sacred Space in Bali;Ritual Experience and Ecology;Green Infrastructure
ritual,Sacred Space in Bali;Ritual Experience and Ecology
river,Ritual Experience and Ecology
sacredness,Sacred Space in Bali
shrine,Sacred Space in Bali;Ritual Experience and Ecology